{
  "metadata": {
    "title": "Unknown",
    "author": "Unknown",
    "date": "",
    "source": "Unknown",
    "processing_note": "Parsed with modular book parser",
    "format_version": "2.0"
  },
  "chapters": [
    {
      "number": "1",
      "title": "A Modest Proposal",
      "type": "story",
      "paragraphs": [
        {
          "sentences": [
            "For preventing the children of poor people in Ireland, from being a burden on their parents or country, and for making them beneficial to the publick. by Dr. Jonathan Swift It is a melancholy object to those, who walk through this great town,"
          ]
        }
      ],
      "sentence_count": 1,
      "word_count": 43
    },
    {
      "number": "2",
      "title": "pepper or salt, will be very good boiled on the fourth day, especially",
      "type": "story",
      "paragraphs": [
        {
          "sentences": [
            "in winter."
          ]
        },
        {
          "sentences": [
            "I have reckoned upon a medium, that a child just born will weigh pounds, and in a solar year, if tolerably nursed, encreaseth to pounds."
          ]
        }
      ],
      "sentence_count": 2,
      "word_count": 27
    }
  ],
  "statistics": {
    "total_chapters": 2,
    "total_paragraphs": 3,
    "total_sentences": 3,
    "total_words": 70,
    "average_sentences_per_chapter": 1.5,
    "average_paragraphs_per_chapter": 1.5,
    "average_sentences_per_paragraph": 1.0,
    "average_words_per_sentence": 23.333333333333332
  }
}