{
  "metadata": {
    "title": "Unknown",
    "author": "Unknown",
    "date": "",
    "source": "Unknown",
    "processing_note": "Parsed with modular book parser",
    "format_version": "2.0"
  },
  "chapters": [
    {
      "number": "1",
      "title": "by TOBIAS SMOLLETT",
      "type": "story",
      "paragraphs": [
        {
          "sentences": [
            "To Mr HENRY DAVIS, Bookseller, in London."
          ]
        },
        {
          "sentences": [
            "ABERGAVENNY, Aug. 4."
          ]
        },
        {
          "sentences": [
            "RESPECTED SIR,"
          ]
        }
      ],
      "sentence_count": 3,
      "word_count": 12
    },
    {
      "number": "2",
      "title": "agreement, and the work proceed with all convenient expedition; in which",
      "type": "story",
      "paragraphs": [
        {
          "sentences": [
            "I hope I rest,"
          ]
        },
        {
          "sentences": [
            "Respected Sir, Your very humble servant,"
          ]
        },
        {
          "sentences": [
            "JONATHAN DUSTWICH."
          ]
        },
        {
          "sentences": [
            "P.S.",
            "I propose, Deo volente, to have the pleasure of seeing you in the"
          ]
        }
      ],
      "sentence_count": 5,
      "word_count": 26
    },
    {
      "number": "3",
      "title": "great city, towards All-hallowtide, when I shall be glad to treat with",
      "type": "story",
      "paragraphs": [
        {
          "sentences": [
            "you concerning a parcel of Ms. sermons, of a certain clergyman deceased; a cake of the right leaven, for the present taste of the public.",
            "Verbum sapienti, &c."
          ]
        },
        {
          "sentences": [
            "J.D."
          ]
        },
        {
          "sentences": [
            "To the Revd.",
            "Mr JONATHAN DUSTWICH, at--"
          ]
        },
        {
          "sentences": [
            "SIR,"
          ]
        }
      ],
      "sentence_count": 6,
      "word_count": 37
    },
    {
      "number": "4",
      "title": "trial--If you should be sentenced to the pillory, your fortune is",
      "type": "story",
      "paragraphs": [
        {
          "sentences": [
            "made--As times go, that’s a sure step to honour and preferment.",
            "I shall think myself happy if I can lend you a lift; and am, very sincerely,"
          ]
        },
        {
          "sentences": [
            "Yours,"
          ]
        },
        {
          "sentences": [
            "HENRY DAVIS.",
            "LONDON, Aug. 10th."
          ]
        }
      ],
      "sentence_count": 5,
      "word_count": 33
    },
    {
      "number": "5",
      "title": "of that kind, which he was so good as to send us last Christmas, to be",
      "type": "story",
      "paragraphs": [
        {
          "sentences": [
            "sold in London."
          ]
        },
        {
          "sentences": [
            "H.",
            "D."
          ]
        }
      ],
      "sentence_count": 3,
      "word_count": 5
    },
    {
      "number": "6",
      "title": "THE EXPEDITION OF HUMPHRY CLINKER",
      "type": "story",
      "paragraphs": [
        {
          "sentences": [
            "To Dr LEWIS."
          ]
        },
        {
          "sentences": [
            "DOCTOR,"
          ]
        }
      ],
      "sentence_count": 2,
      "word_count": 4
    },
    {
      "number": "7",
      "title": "till meeting; and be sure you take the iron chest with my papers into",
      "type": "story",
      "paragraphs": [
        {
          "sentences": [
            "your own custody--Forgive all, this trouble from,"
          ]
        },
        {
          "sentences": [
            "Dear Lewis, Your affectionate M.",
            "BRAMBLE GLOUCESTER, April 2."
          ]
        },
        {
          "sentences": [
            "To Mrs GWYLLIM, house-keeper at Brambleton-hall."
          ]
        },
        {
          "sentences": [
            "MRS GWILLIM,"
          ]
        }
      ],
      "sentence_count": 5,
      "word_count": 24
    },
    {
      "number": "8",
      "title": "bring over my bum-daffee, and the viol with the easings of Dr Hill’s",
      "type": "story",
      "paragraphs": [
        {
          "sentences": [
            "dockwater and Chowder’s lacksitif.",
            "The poor creature has been terribly stuprated ever since we left huom.",
            "Pray take particular care of the house while the family is absent.",
            "Let there be a fire constantly kept in my brother’s chamber and mine.",
            "The maids, having nothing to do, may be sat a spinning.",
            "I desire you’ll clap a pad-luck on the wind-seller, and"
          ]
        }
      ],
      "sentence_count": 6,
      "word_count": 62
    },
    {
      "number": "9",
      "title": "sitting; and if the cobler has cut Dicky, and how pore anemil bore the",
      "type": "story",
      "paragraphs": [
        {
          "sentences": [
            "operation.",
            "No more at present, but rests,"
          ]
        },
        {
          "sentences": [
            "Yours, TABITHA BRAMBLE GLOSTAR, April 2."
          ]
        },
        {
          "sentences": [
            "TO Mrs MARY JONES, at Brambleton-hall."
          ]
        },
        {
          "sentences": [
            "DEAR MOLLY,"
          ]
        }
      ],
      "sentence_count": 5,
      "word_count": 21
    },
    {
      "number": "10",
      "title": "no vails; but he says as how there’s a difference betwixt vails and",
      "type": "story",
      "paragraphs": [
        {
          "sentences": [
            "perquisites; and so there is for sartain.",
            "We are all going to the Hot Well, where I shall drink your health in a glass of water, being,"
          ]
        },
        {
          "sentences": [
            "Dear Molly, Your humble servant to command, W.",
            "JENKINS GLOSTAR, April 2nd."
          ]
        },
        {
          "sentences": [
            "To Sir WATKIN PHILLIPS, Bart. of Jesus college, Oxon."
          ]
        },
        {
          "sentences": [
            "DEAR PHILLIPS,"
          ]
        }
      ],
      "sentence_count": 6,
      "word_count": 50
    },
    {
      "number": "11",
      "title": "the bedmaker in my name--give my service to the cook, and pray take care",
      "type": "story",
      "paragraphs": [
        {
          "sentences": [
            "of poor Ponto, for the sake of his old master, who is, and ever will be,"
          ]
        },
        {
          "sentences": [
            "Dear Phillips, Your affectionate friend, and humble servant, JER.",
            "MELFORD GLOUCESTER, April 2."
          ]
        },
        {
          "sentences": [
            "To Mrs JERMYN at her house in Gloucester."
          ]
        },
        {
          "sentences": [
            "DEAR MADAM,"
          ]
        }
      ],
      "sentence_count": 5,
      "word_count": 39
    },
    {
      "number": "12",
      "title": "but, notwithstanding all their indulgence, I shall have no peace of mind",
      "type": "story",
      "paragraphs": [
        {
          "sentences": [
            "till I know my dear and ever honoured governess has forgiven her poor, disconsolate, forlorn,"
          ]
        },
        {
          "sentences": [
            "Affectionate humble servant, till death, LYDIA MELFORD CLIFTON, April 6."
          ]
        },
        {
          "sentences": [
            "To Miss LAETITIA WILLIS, at Gloucester."
          ]
        },
        {
          "sentences": [
            "MY DEAREST LETTY,"
          ]
        }
      ],
      "sentence_count": 4,
      "word_count": 34
    },
    {
      "number": "13",
      "title": "myself that my dear Miss Willis will be punctual in answering the",
      "type": "story",
      "paragraphs": [
        {
          "sentences": [
            "letters of her affectionate,"
          ]
        },
        {
          "sentences": [
            "LYDIA MELFORD CLIFTON, April 6."
          ]
        },
        {
          "sentences": [
            "To Dr LEWIS."
          ]
        },
        {
          "sentences": [
            "DEAR LEWIS,"
          ]
        }
      ],
      "sentence_count": 4,
      "word_count": 14
    },
    {
      "number": "14",
      "title": "French, and play upon the harpsichord; then she dances finely, has a",
      "type": "story",
      "paragraphs": [
        {
          "sentences": [
            "good figure, and is very well inclined; but, she’s deficient in spirit, and so susceptible--and so tender forsooth!--truly, she has got a languishing eye, and reads romances.--Then there’s her brother, ‘squire Jery, a pert jackanapes, full of college-petulance and self-conceit; proud as a German count, and as hot and hasty as a Welch mountaineer."
          ]
        }
      ],
      "sentence_count": 1,
      "word_count": 54
    },
    {
      "number": "15",
      "title": "be tired of corresponding with",
      "type": "story",
      "paragraphs": [
        {
          "sentences": [
            "Your assured friend, M.",
            "BRAMBLE CLIFTON, April 17."
          ]
        },
        {
          "sentences": [
            "To Miss LYDIA MELFORD."
          ]
        }
      ],
      "sentence_count": 3,
      "word_count": 12
    },
    {
      "number": "16",
      "title": "you will task your humanity--your compassion--shall I add, your",
      "type": "story",
      "paragraphs": [
        {
          "sentences": [
            "affection?--in order to assuage the almost intolerable disquiet that torments the heart of your afflicted,"
          ]
        },
        {
          "sentences": [
            "WILSON GLOUCESTER, March 31."
          ]
        },
        {
          "sentences": [
            "To Sir WATKIN PHILLIPS, of Jesus college, Oxon."
          ]
        },
        {
          "sentences": [
            "HOT WELL, April 18."
          ]
        },
        {
          "sentences": [
            "DEAR PHILLIPS,"
          ]
        }
      ],
      "sentence_count": 5,
      "word_count": 33
    },
    {
      "number": "17",
      "title": "your head to retaliate these double strokes upon",
      "type": "story",
      "paragraphs": [
        {
          "sentences": [
            "Yours always, J.",
            "MELFORD"
          ]
        },
        {
          "sentences": [
            "To Sir WATKIN PHILLIPS, of Jesus college, Oxon."
          ]
        },
        {
          "sentences": [
            "HOT WELL, April 20."
          ]
        },
        {
          "sentences": [
            "DEAR KNIGHT,"
          ]
        },
        {
          "sentences": [
            "I now sit down to execute the threat in the tail of my last.",
            "The truth is, I am big with the secret, and long to be delivered.",
            "It relates to my guardian, who, you know, is at present our principal object in view."
          ]
        }
      ],
      "sentence_count": 8,
      "word_count": 62
    },
    {
      "number": "18",
      "title": "enough to throw a little water in her face; by which application she was",
      "type": "story",
      "paragraphs": [
        {
          "sentences": [
            "brought to herself: but, then her feeling took another turn.",
            "She shed a flood of tears, and cried aloud, ‘I know not who you are: but, sure--worthy sir--generous sir!--the distress of me and my poor dying child--Oh! if the widow’s prayers--if the orphan’s tears of gratitude can ought avail--gracious Providence--Blessings!--shower down eternal blessings.’--Here she was interrupted by my uncle, who muttered in a voice still more and more discordant, ‘For Heaven’s sake be quiet, madam--consider--the people of the house--‘sdeath! can’t you.’--All this"
          ]
        }
      ],
      "sentence_count": 2,
      "word_count": 82
    },
    {
      "number": "19",
      "title": "an act of justice to set her to rights; and therefore explained the",
      "type": "story",
      "paragraphs": [
        {
          "sentences": [
            "mystery.",
            "But she would not be undeceived, ‘What (said she) would you go for to offer for to arguefy me out of my senses?",
            "Did’n’t I hear him whispering to her to hold her tongue?",
            "Did’n’t I see her in tears?",
            "Did’n’t I see him struggling to throw her upon the couch? filthy! hideous! abominable!",
            "Child, child, talk not to me of charity.--Who gives twenty pounds in charity?--But you are a stripling--You know nothing of the world.",
            "Besides, charity begins at home--Twenty pounds would buy me a"
          ]
        }
      ],
      "sentence_count": 7,
      "word_count": 87
    },
    {
      "number": "20",
      "title": "the room, my contempt for her, and my respect for her brother, being",
      "type": "story",
      "paragraphs": [
        {
          "sentences": [
            "increased in the same proportion.",
            "I have since been informed, that the person, whom my uncle so generously relieved, is the widow of an ensign, who has nothing to depend upon but the pension of fifteen pounds a year.",
            "The people of the Well-house give her an excellent character.",
            "She lodges in a garret, and works very hard at plain work, to support her daughter, who is dying of a consumption.",
            "I must own, to my shame, I feel a strong inclination to follow my uncle’s example, in relieving this poor widow;"
          ]
        }
      ],
      "sentence_count": 5,
      "word_count": 92
    },
    {
      "number": "21",
      "title": "Direct your next to me at Bath; and remember me to all our",
      "type": "story",
      "paragraphs": [
        {
          "sentences": [
            "fellow-jesuits."
          ]
        },
        {
          "sentences": [
            "To Dr LEWIS."
          ]
        },
        {
          "sentences": [
            "HOT WELL, April 20."
          ]
        },
        {
          "sentences": [
            "I understand your hint.",
            "There are mysteries in physic, as well as in"
          ]
        }
      ],
      "sentence_count": 5,
      "word_count": 21
    },
    {
      "number": "22",
      "title": "a minute’s warning, and I shall choose for myself--I need not say your",
      "type": "story",
      "paragraphs": [
        {
          "sentences": [
            "directions for drinking and bathing will be agreeable to,"
          ]
        },
        {
          "sentences": [
            "Dear Lewis, Yours ever, MAT.",
            "BRAMBLE"
          ]
        },
        {
          "sentences": [
            "P.S.",
            "I forgot to tell you, that my right ancle pits, a symptom, as I take it, of its being oedematous, not leucophlegmatic."
          ]
        }
      ],
      "sentence_count": 5,
      "word_count": 38
    },
    {
      "number": "23",
      "title": "Miss LETTY WILLIS, at Gloucester",
      "type": "letter",
      "paragraphs": [
        {
          "sentences": [
            "HOT WELL, April 21."
          ]
        },
        {
          "sentences": [
            "MY DEAR LETTY,"
          ]
        }
      ],
      "sentence_count": 2,
      "word_count": 7
    },
    {
      "number": "24",
      "title": "Direct for me, still under cover, to Win; and Jarvis will take care to",
      "type": "story",
      "paragraphs": [
        {
          "sentences": [
            "convey it safe.",
            "Adieu."
          ]
        },
        {
          "sentences": [
            "To Sir WATKIN PHILLIPS, of Jesus college, Oxon."
          ]
        },
        {
          "sentences": [
            "BATH, April 24."
          ]
        },
        {
          "sentences": [
            "DEAR PHILLIPS,"
          ]
        }
      ],
      "sentence_count": 5,
      "word_count": 17
    },
    {
      "number": "25",
      "title": "or my own, you shall have it freely, though I am afraid it will poorly",
      "type": "story",
      "paragraphs": [
        {
          "sentences": [
            "compensate the trouble of reading these tedious insipid letters of,"
          ]
        },
        {
          "sentences": [
            "Dear Phillips, Yours always, J.",
            "MELFORD"
          ]
        },
        {
          "sentences": [
            "To Dr LEWIS.",
            "BATH, April 23.",
            "DEAR DOCTOR,"
          ]
        }
      ],
      "sentence_count": 6,
      "word_count": 24
    },
    {
      "number": "26",
      "title": "could abide, either in its head, tail, midriff, or members; I detest the",
      "type": "story",
      "paragraphs": [
        {
          "sentences": [
            "whole of it, as a mass of ignorance, presumption, malice and brutality; and, in this term of reprobation, I include, without respect of rank, station, or quality, all those of both sexes, who affect its manners, and court its society."
          ]
        }
      ],
      "sentence_count": 1,
      "word_count": 40
    },
    {
      "number": "27",
      "title": "sophistication; so that I know nothing of equal value with the genuine",
      "type": "story",
      "paragraphs": [
        {
          "sentences": [
            "friendship of a sensible man; a rare jewel! which I cannot help thinking myself in possession of, while I repeat the old declaration, that I am, as usual,"
          ]
        },
        {
          "sentences": [
            "Dear Lewis, Your affectionate M.",
            "BRAMBLE,"
          ]
        },
        {
          "sentences": [
            "After having been agitated in a short hurricane, on my first arrival,"
          ]
        }
      ],
      "sentence_count": 4,
      "word_count": 46
    },
    {
      "number": "28",
      "title": "on Jack, to take particular care of the trusty old veteran, who has",
      "type": "story",
      "paragraphs": [
        {
          "sentences": [
            "faithfully earned his present ease by his past services."
          ]
        },
        {
          "sentences": [
            "To Miss WILLIS at Gloucester.",
            "BATH, April 26.",
            "MY DEAREST COMPANION,"
          ]
        }
      ],
      "sentence_count": 4,
      "word_count": 20
    },
    {
      "number": "29",
      "title": "LYDIA MELFORD",
      "type": "story",
      "paragraphs": [
        {
          "sentences": [
            "To Mrs MARY JONES, at Brambleton-hall."
          ]
        },
        {
          "sentences": [
            "DEAR MOLLY JONES,"
          ]
        }
      ],
      "sentence_count": 2,
      "word_count": 9
    },
    {
      "number": "30",
      "title": "me in your prayers, as I shall do by you in mine; and take care of my",
      "type": "story",
      "paragraphs": [
        {
          "sentences": [
            "kitten, and give my kind sarvice to Sall; and this is all at present, from your beloved friend and sarvent,"
          ]
        },
        {
          "sentences": [
            "W.",
            "JENKINS BATH, April 26."
          ]
        },
        {
          "sentences": [
            "To Mrs GWYLLIM, house-keeper at Brambleton-hall."
          ]
        }
      ],
      "sentence_count": 4,
      "word_count": 31
    },
    {
      "number": "31",
      "title": "water, and the tincktur for my stomach; being as how I am much troubled",
      "type": "story",
      "paragraphs": [
        {
          "sentences": [
            "with flutterencies.",
            "This is all at present, from"
          ]
        },
        {
          "sentences": [
            "Yours, TABITHA BRAMBLE BATH, April 26."
          ]
        },
        {
          "sentences": [
            "To Dr LEWIS."
          ]
        },
        {
          "sentences": [
            "DEAR DICK,"
          ]
        }
      ],
      "sentence_count": 5,
      "word_count": 19
    },
    {
      "number": "32",
      "title": "the Circus, liable to be defiled with dead dogs, cats, rats, and every",
      "type": "story",
      "paragraphs": [
        {
          "sentences": [
            "species of nastiness, which the rascally populace may throw into it, from mere wantonness and brutality.",
            "Well, there is no nation that drinks so hoggishly as the English."
          ]
        },
        {
          "sentences": [
            "What passes for wine among us, is not the juice of the grape.",
            "It is an adulterous mixture, brewed up of nauseous ingredients, by dunces,"
          ]
        }
      ],
      "sentence_count": 4,
      "word_count": 53
    },
    {
      "number": "33",
      "title": "person dies of it in Italy, the bed and bedding are destroyed; the other",
      "type": "story",
      "paragraphs": [
        {
          "sentences": [
            "furniture is exposed to the weather and the apartment white-washed, before it is occupied by any other living soul.",
            "You’ll allow, that nothing receives infection sooner, or retains it longer, than blankets, feather-beds, and matrasses--‘Sdeath! how do I know what miserable objects have been stewing in the bed where I now lie!--I wonder, Dick,"
          ]
        }
      ],
      "sentence_count": 2,
      "word_count": 54
    },
    {
      "number": "34",
      "title": "another peevish word (till the next occasion) from",
      "type": "story",
      "paragraphs": [
        {
          "sentences": [
            "Yours, MATT.",
            "BRAMBLE BATH, April 28."
          ]
        },
        {
          "sentences": [
            "To Sir WATKIN PHILLIPS, of Jesus college, Oxon."
          ]
        },
        {
          "sentences": [
            "DEAR KNIGHT,"
          ]
        }
      ],
      "sentence_count": 4,
      "word_count": 16
    },
    {
      "number": "35",
      "title": "counter-tenor, that I wish I had such another at Brambleton-hall, to",
      "type": "story",
      "paragraphs": [
        {
          "sentences": [
            "wake the maids of a morning.",
            "Do you know where I could find one of his brood?’ ‘Probably in the work-house at St Giles’s parish, madam; but I protest I know not his particular mew!’ My uncle, frying with vexation, cried, ‘Good God, sister, how you talk!",
            "I have told you twenty times, that this gentleman’s name is not Gwynn.’--‘Hoity toity, brother mine (she replied) no offence, I hope--Gwynn is an honorable name, of true"
          ]
        }
      ],
      "sentence_count": 3,
      "word_count": 75
    },
    {
      "number": "36",
      "title": "usual",
      "type": "story",
      "paragraphs": [
        {
          "sentences": [
            "Yours, J.",
            "MELFORD BATH, April 30."
          ]
        },
        {
          "sentences": [
            "To Dr LEWIS."
          ]
        },
        {
          "sentences": [
            "DEAR LEWIS,"
          ]
        }
      ],
      "sentence_count": 4,
      "word_count": 11
    },
    {
      "number": "37",
      "title": "appeared the more ancient from his grey locks, that were truly",
      "type": "story",
      "paragraphs": [
        {
          "sentences": [
            "venerable--Sitting down at the table, where he was reading a news-paper, I gazed at him for some minutes, with a mixture of pleasure and regret, which made my heart gush with tenderness; then, taking him by the hand, ‘Ah, Sam (said I) forty years ago I little thought’--I was too much moved to proceed. ‘An old friend, sure enough! (cried he, squeezing my"
          ]
        }
      ],
      "sentence_count": 1,
      "word_count": 63
    },
    {
      "number": "38",
      "title": "you with a cessation, that you may have no unnecessary cause to curse",
      "type": "story",
      "paragraphs": [
        {
          "sentences": [
            "your correspondence with,"
          ]
        },
        {
          "sentences": [
            "Dear Dick, Yours ever, MAT.",
            "BRAMBLE BATH, May 5."
          ]
        },
        {
          "sentences": [
            "To Miss LAETITIA WILLIS, at Gloucester."
          ]
        },
        {
          "sentences": [
            "MY DEAR LETTY,"
          ]
        },
        {
          "sentences": [
            "I wrote you at great length by the post, the twenty-sixth of last month,"
          ]
        }
      ],
      "sentence_count": 6,
      "word_count": 35
    },
    {
      "number": "39",
      "title": "happened to that unlucky animal, which is the great source of all her",
      "type": "story",
      "paragraphs": [
        {
          "sentences": [
            "troubles.",
            "Dear Letty! what a pity it is, that a woman of her years and discretion, should place her affection upon such an ugly, ill-conditioned cur, that snarls and snaps at every body.",
            "I asked John Thomas, the footman who attended her, what was the matter? and he did nothing but grin.",
            "A famous dog-doctor was sent for, and undertook to"
          ]
        }
      ],
      "sentence_count": 4,
      "word_count": 61
    },
    {
      "number": "40",
      "title": "your correspondence, and continue to love your ever faithful",
      "type": "story",
      "paragraphs": [
        {
          "sentences": [
            "LYDIA MELFORD BATH, May 6."
          ]
        },
        {
          "sentences": [
            "To Sir WATKIN PHILLIPS, of Jesus college, Oxon."
          ]
        }
      ],
      "sentence_count": 2,
      "word_count": 13
    },
    {
      "number": "41",
      "title": "opinion of",
      "type": "story",
      "paragraphs": [
        {
          "sentences": [
            "Yours, J.",
            "MELFORD BATH, May 6."
          ]
        },
        {
          "sentences": [
            "To Dr LEWIS."
          ]
        }
      ],
      "sentence_count": 3,
      "word_count": 9
    },
    {
      "number": "42",
      "title": "mark of consideration, which, perhaps, you would willingly dispense with",
      "type": "story",
      "paragraphs": [
        {
          "sentences": [
            "Your humble servant, M.",
            "BRAMBLE BATH, May 8."
          ]
        },
        {
          "sentences": [
            "To Sir WATKIN PHILLIPS, of Jesus college, Oxon."
          ]
        },
        {
          "sentences": [
            "DEAR PHILLIPS,"
          ]
        }
      ],
      "sentence_count": 4,
      "word_count": 18
    },
    {
      "number": "43",
      "title": "I dare say, it will meet with as little quarter as it has found with",
      "type": "story",
      "paragraphs": [
        {
          "sentences": [
            "Yours always, J.",
            "MELFORD BATH, May 10."
          ]
        },
        {
          "sentences": [
            "To Mrs MARY JONES, at Brambleton-hall."
          ]
        },
        {
          "sentences": [
            "DEAR MOLLY,"
          ]
        },
        {
          "sentences": [
            "We are all upon the ving--Hey for London, girl!--Fecks! we have been"
          ]
        }
      ],
      "sentence_count": 5,
      "word_count": 27
    },
    {
      "number": "44",
      "title": "and apron, with the vite gallow manky shoes; which you’ll find in my",
      "type": "story",
      "paragraphs": [
        {
          "sentences": [
            "pillowber--Sarvice to Saul--"
          ]
        },
        {
          "sentences": [
            "To Sir WATKIN PHILLIPS, Bart. of Jesus college, Oxon."
          ]
        }
      ],
      "sentence_count": 2,
      "word_count": 12
    },
    {
      "number": "45",
      "title": "ground as near as you please; prime your pistol; and the Lord, of his",
      "type": "story",
      "paragraphs": [
        {
          "sentences": [
            "infinite mercy, have compassion upon your miserable soul!’"
          ]
        },
        {
          "sentences": [
            "This ejaculation he pronounced in a loud solemn tone, with his hat off, and his eyes lifted up; then drawing a large horse-pistol, he presented, and put himself in a posture of action.",
            "Prankley took his distance, and"
          ]
        }
      ],
      "sentence_count": 3,
      "word_count": 46
    },
    {
      "number": "46",
      "title": "of our journey you shall have in my next, provided no accident happens",
      "type": "story",
      "paragraphs": [
        {
          "sentences": [
            "to prevent,"
          ]
        },
        {
          "sentences": [
            "Yours ever, J.",
            "MELFORD BATH May 17."
          ]
        },
        {
          "sentences": [
            "To Dr LEWIS."
          ]
        },
        {
          "sentences": [
            "DEAR DICK,"
          ]
        }
      ],
      "sentence_count": 5,
      "word_count": 14
    },
    {
      "number": "47",
      "title": "poor gentleman of Wales, to take this precious commodity off the hands",
      "type": "story",
      "paragraphs": [
        {
          "sentences": [
            "Yours, MATT.",
            "BRAMBLE BATH, May 19."
          ]
        },
        {
          "sentences": [
            "To Dr LEWIS."
          ]
        },
        {
          "sentences": [
            "DOCTER LEWS,"
          ]
        },
        {
          "sentences": [
            "Give me leaf to tell you, methinks you mought employ your talons better, than to encourage servants to pillage their masters.",
            "I find by Gwyllim, that Villiams has got my skin; for which he is an impotent rascal."
          ]
        }
      ],
      "sentence_count": 6,
      "word_count": 49
    },
    {
      "number": "48",
      "title": "raisins (which hitherto you have not done) to subscribe myself",
      "type": "story",
      "paragraphs": [
        {
          "sentences": [
            "Your humble servant, TAB.",
            "BRAMBLE BATH, May 19."
          ]
        },
        {
          "sentences": [
            "To Sir WATKIN PHILLIPS, of Jesus college, Oxon."
          ]
        },
        {
          "sentences": [
            "DEAR PHILLIPS,"
          ]
        }
      ],
      "sentence_count": 4,
      "word_count": 18
    },
    {
      "number": "49",
      "title": "her sight by shewing his bare posteriors, for which act of indelicacy",
      "type": "story",
      "paragraphs": [
        {
          "sentences": [
            "he deserved to be set in the stocks.",
            "Mrs Winifred Jenkins confirmed the assertion, with respect to his nakedness, observing, at the same time, that he had a skin as fair as alabaster."
          ]
        },
        {
          "sentences": [
            "‘This is a heinous offence, indeed (cried my uncle) let us hear what the fellow has to say in his own vindication.’ He was accordingly summoned, and made his appearance, which was equally queer and pathetic.",
            "He seemed to be about twenty years of age, of a middling size, with bandy legs, stooping shoulders, high forehead, sandy locks, pinking eyes, flat nose,"
          ]
        }
      ],
      "sentence_count": 4,
      "word_count": 95
    },
    {
      "number": "50",
      "title": "either in sickness or health; besides, such a miserable object would",
      "type": "story",
      "paragraphs": [
        {
          "sentences": [
            "have brought a discredit upon my house.’"
          ]
        },
        {
          "sentences": [
            "‘You perceive (said the ‘squire, turning to me) our landlord is a Christian of bowels--Who shall presume to censure the morals of the age, when the very publicans exhibit such examples of humanity?--Heark ye,"
          ]
        }
      ],
      "sentence_count": 2,
      "word_count": 41
    },
    {
      "number": "51",
      "title": "Her brother, entirely disarmed by this mild reply, declared, she could",
      "type": "story",
      "paragraphs": [
        {
          "sentences": [
            "ask him nothing in reason that he would refuse; adding, ‘I hope, sister, you have never found me deficient in natural affection.’"
          ]
        },
        {
          "sentences": [
            "Mrs Tabitha immediately rose, and, throwing her arms about his neck, kissed him on the cheek: he returned her embrace with great emotion.",
            "Liddy sobbed, Win.",
            "Jenkins cackled, Chowder capered, and Clinker skipped about, rubbing his hands for joy of this reconciliation."
          ]
        }
      ],
      "sentence_count": 4,
      "word_count": 64
    },
    {
      "number": "52",
      "title": "he will visit, and with some others he little dreams of, I shall only",
      "type": "story",
      "paragraphs": [
        {
          "sentences": [
            "communicate what will be in some measure new to your observation.",
            "Remember me to our Jesuitical friends, and believe me ever,"
          ]
        },
        {
          "sentences": [
            "Dear knight, Yours affectionately, J.",
            "MELFORD LONDON, May 24."
          ]
        },
        {
          "sentences": [
            "To Dr LEWIS."
          ]
        },
        {
          "sentences": [
            "DEAR DOCTOR,"
          ]
        }
      ],
      "sentence_count": 6,
      "word_count": 35
    },
    {
      "number": "53",
      "title": "trader in any degree of credit, every broker and attorney, maintains a",
      "type": "story",
      "paragraphs": [
        {
          "sentences": [
            "couple of footmen, a coachman, and postilion.",
            "He has his town-house, and his country-house, his coach, and his post-chaise.",
            "His wife and daughters appear in the richest stuffs, bespangled with diamonds.",
            "They frequent the court, the opera, the theatre, and the masquerade.",
            "They hold assemblies at their own houses: they make sumptuous entertainments, and treat with the richest wines of Bordeaux, Burgundy, and Champagne."
          ]
        }
      ],
      "sentence_count": 5,
      "word_count": 64
    },
    {
      "number": "54",
      "title": "the family, let him have a couple of guineas in the name of",
      "type": "story",
      "paragraphs": [
        {
          "sentences": [
            "Yours always, MATT.",
            "BRAMBLE LONDON, May 20."
          ]
        },
        {
          "sentences": [
            "To Miss LAETITIA WILLIS, at Gloucester."
          ]
        },
        {
          "sentences": [
            "MY DEAR LETTY,"
          ]
        }
      ],
      "sentence_count": 4,
      "word_count": 16
    },
    {
      "number": "55",
      "title": "of hard usage--And yet I ought not to complain: nor will I, till farther",
      "type": "story",
      "paragraphs": [
        {
          "sentences": [
            "information."
          ]
        },
        {
          "sentences": [
            "Besides Ranelagh and Vauxhall, I have been at Mrs Cornelys’ assembly, which, for the rooms, the company, the dresses, and decorations, surpasses all description; but as I have no great turn for card playing,"
          ]
        }
      ],
      "sentence_count": 2,
      "word_count": 35
    },
    {
      "number": "56",
      "title": "dear Willis will always possess the first place in the breast of her",
      "type": "story",
      "paragraphs": [
        {
          "sentences": [
            "Ever affectionate, LYDIA MELFORD LONDON, May 31."
          ]
        },
        {
          "sentences": [
            "To Sir WATKIN PHILLIPS, of Jesus college, Oxon."
          ]
        },
        {
          "sentences": [
            "DEAR PHILLIPS,"
          ]
        }
      ],
      "sentence_count": 3,
      "word_count": 17
    },
    {
      "number": "57",
      "title": "malice must own, that he is one of the greatest officers in",
      "type": "story",
      "paragraphs": [
        {
          "sentences": [
            "Christendom.’ ‘I think he is (said Mr Bramble) but who are these young gentlemen that stand beside him?’ ‘Those! (cried our friend) those are his royal nephews; the princes of the blood.",
            "Sweet young princes! the sacred pledges of the Protestant line; so spirited, so sensible, so princely’--‘Yes; very sensible! very spirited! (said my uncle, interrupting him) but see the queen! ha, there’s the queen!--There’s the queen! let me see--Let me see--Where are my glasses? ha! there’s meaning in that eye--There’s sentiment--There’s expression--Well, Mr Barton, what figure do you call next?’ The next person he pointed out, was the"
          ]
        }
      ],
      "sentence_count": 2,
      "word_count": 99
    },
    {
      "number": "58",
      "title": "in returning the courtesy--He even came up, and, taking him cordially by",
      "type": "story",
      "paragraphs": [
        {
          "sentences": [
            "the hand, ‘My dear friend, Mr A-- (said he) I am rejoiced to see you-- How long have you been come from abroad?--How did you leave our good friends the Dutch?",
            "The king of Prussia don’t think of another war, ah?--He’s a great king! a great conqueror! a very great conqueror!",
            "Your Alexanders and Hannibals were nothing, at all to him, sir--Corporals! drummers! dross! mere trash--Damned trash, heh?’--His grace being by"
          ]
        }
      ],
      "sentence_count": 3,
      "word_count": 71
    },
    {
      "number": "59",
      "title": "I shall be glad to see you at Lincoln’s inn-fields--You know the",
      "type": "story",
      "paragraphs": [
        {
          "sentences": [
            "way--Times are altered.",
            "Though I have lost the power, I retain the inclination--Your very humble servant, good Mr Blackberry’--So saying, he shoved to another corner of the room. ‘What a fine old gentleman! (cried Mr Barton) what spirits! what a memory!",
            "He never forgets an old friend.’ ‘He does me too much honour (observed our squire) to rank me"
          ]
        }
      ],
      "sentence_count": 3,
      "word_count": 59
    },
    {
      "number": "60",
      "title": "to an end, I dare say, you are as tired as",
      "type": "story",
      "paragraphs": [
        {
          "sentences": [
            "Your humble servant, J.",
            "MELFORD LONDON, June 2."
          ]
        },
        {
          "sentences": [
            "To Dr LEWIS."
          ]
        }
      ],
      "sentence_count": 3,
      "word_count": 11
    },
    {
      "number": "61",
      "title": "malignant species of jealousy, of which I stand acquitted in my own",
      "type": "story",
      "paragraphs": [
        {
          "sentences": [
            "conscience."
          ]
        },
        {
          "sentences": [
            "Whether it is a vice, or an infirmity, I leave you to inquire."
          ]
        },
        {
          "sentences": [
            "There is another point, which I would much rather see determined;"
          ]
        }
      ],
      "sentence_count": 3,
      "word_count": 25
    },
    {
      "number": "62",
      "title": "country life, in the sentiments of",
      "type": "story",
      "paragraphs": [
        {
          "sentences": [
            "Yours always, MATT.",
            "BRAMBLE LONDON, June 2."
          ]
        },
        {
          "sentences": [
            "To Mrs MARY JONES, at Brambleton-hall."
          ]
        },
        {
          "sentences": [
            "DEAR MARY JONES,"
          ]
        }
      ],
      "sentence_count": 4,
      "word_count": 16
    },
    {
      "number": "63",
      "title": "in my born-days, are no more than Welsh barrows and crumlecks to this",
      "type": "story",
      "paragraphs": [
        {
          "sentences": [
            "wonderful sitty!",
            "Even Bath itself is but a fillitch, in the naam of God--One would think there’s no end of the streets, but the land’s end.",
            "Then there’s such a power of people, going hurry skurry!",
            "Such a racket of coxes!",
            "Such a noise, and haliballoo!",
            "So many strange sites to be seen!",
            "O gracious! my poor Welsh brain has been spinning like a top ever since I came hither!",
            "And I have seen the Park, and the paleass of Saint"
          ]
        }
      ],
      "sentence_count": 8,
      "word_count": 81
    },
    {
      "number": "64",
      "title": "Mistress says, we are going a long gurney to the North; but go where we",
      "type": "story",
      "paragraphs": [
        {
          "sentences": [
            "will, I shall ever be,"
          ]
        },
        {
          "sentences": [
            "Dear Mary Jones, Yours with true infection WIN.",
            "JENKINS LONDON, June 3."
          ]
        },
        {
          "sentences": [
            "To Sir WATKIN PHILLIPS, of Jesus college, Oxon."
          ]
        },
        {
          "sentences": [
            "DEAR WAT,"
          ]
        }
      ],
      "sentence_count": 5,
      "word_count": 27
    },
    {
      "number": "65",
      "title": "was immediately accosted by a person well stricken in years, tall, and",
      "type": "story",
      "paragraphs": [
        {
          "sentences": [
            "raw-boned, with a hook-nose, and an arch leer, that indicated, at least, as much cunning as sagacity.",
            "Our conductor saluted him, by the name of captain C--, and afterwards informed us he was a man of shrewd parts, whom the government occasionally employed in secret services.",
            "But I have had the history of him more at large, from another quarter.",
            "He had been,"
          ]
        }
      ],
      "sentence_count": 4,
      "word_count": 63
    },
    {
      "number": "66",
      "title": "told me, in a great fright, that thirty thousand French had marched",
      "type": "story",
      "paragraphs": [
        {
          "sentences": [
            "from Acadie to Cape Breton--“Where did they find transports? (said I)”  “Transports (cried he) I tell you they marched by land”--“By land to the island of Cape Breton?” “What! is Cape Breton an island?” “Certainly.”  “Ha! are you sure of that?” When I pointed it out in the map, he examined it earnestly with his spectacles; then, taking me in his arms, “My dear C--! (cried he) you always bring us good news--Egad!",
            "I’ll go directly, and tell the king that Cape Breton is an island.”’"
          ]
        },
        {
          "sentences": [
            "He seemed disposed to entertain us with more anecdotes of this nature,"
          ]
        }
      ],
      "sentence_count": 3,
      "word_count": 98
    },
    {
      "number": "67",
      "title": "attract his notice, before I was announced--He forthwith met me more",
      "type": "story",
      "paragraphs": [
        {
          "sentences": [
            "than half way, and, seizing me by the hand, ‘My dear Sir Francis! (cried he) this is so kind--I vow to God!",
            "I am so obliged--Such attention to a poor broken minister.",
            "Well--Pray when does your excellency set sail?--For God’s sake have a care of your health, and eat stewed prunes in the passage.",
            "Next to your own precious health, pray, my dear"
          ]
        }
      ],
      "sentence_count": 4,
      "word_count": 63
    },
    {
      "number": "68",
      "title": "see you--I sent you an engineer to fortify your dock--Mr Bramble--your",
      "type": "story",
      "paragraphs": [
        {
          "sentences": [
            "servant, Mr Bramble--How d’ye, good Mr Bramble?",
            "Your nephew is a pretty young fellow--Faith and troth, a very pretty fellow!--His father is my old friend--How does he hold it?",
            "Still troubled with that damned disorder, ha?’ ‘No, my lord (replied my uncle), all his troubles are over--He has been dead these fifteen years.’ ‘Dead! how--Yes faith!"
          ]
        }
      ],
      "sentence_count": 3,
      "word_count": 56
    },
    {
      "number": "69",
      "title": "I suppose, you will bestow your benedictions upon",
      "type": "story",
      "paragraphs": [
        {
          "sentences": [
            "Your friend, and servant J.",
            "MELFORD LONDON, June To Dr LEWIS."
          ]
        }
      ],
      "sentence_count": 2,
      "word_count": 11
    },
    {
      "number": "70",
      "title": "subscribe myself",
      "type": "story",
      "paragraphs": [
        {
          "sentences": [
            "Your unvariable friend, MATT.",
            "BRAMBLE LONDON, June 8."
          ]
        },
        {
          "sentences": [
            "To Sir WATKIN PHILLIPS, Bart. of Jesus college, Oxon."
          ]
        },
        {
          "sentences": [
            "DEAR PHILLIPS,"
          ]
        }
      ],
      "sentence_count": 4,
      "word_count": 19
    },
    {
      "number": "71",
      "title": "address of a good writer; whereas a dull author generally distinguishes",
      "type": "story",
      "paragraphs": [
        {
          "sentences": [
            "himself by some oddity or extravagance.",
            "For this reason, I fancy, that an assembly of Grubs must be very diverting.’"
          ]
        },
        {
          "sentences": [
            "My curiosity being excited by this hint, I consulted my friend Dick Ivy, who undertook to gratify it the very next day, which was Sunday last."
          ]
        }
      ],
      "sentence_count": 3,
      "word_count": 46
    },
    {
      "number": "72",
      "title": "curiosity of",
      "type": "story",
      "paragraphs": [
        {
          "sentences": [
            "Yours, J.",
            "MELFORD LONDON, June 10."
          ]
        },
        {
          "sentences": [
            "To Miss LAETITIA WILLIS, at Gloucester."
          ]
        },
        {
          "sentences": [
            "MY DEAR LETTY,"
          ]
        }
      ],
      "sentence_count": 4,
      "word_count": 15
    },
    {
      "number": "73",
      "title": "from above as hath not yet been indulged to",
      "type": "story",
      "paragraphs": [
        {
          "sentences": [
            "Your unfortunate friend, LYDIA MELFORD June 10."
          ]
        },
        {
          "sentences": [
            "To Sir WATKIN PHILLIPS, of Jesus college, Oxon."
          ]
        },
        {
          "sentences": [
            "DEAR PHILLIPS,"
          ]
        }
      ],
      "sentence_count": 3,
      "word_count": 17
    },
    {
      "number": "74",
      "title": "know in due season: mean while I am",
      "type": "story",
      "paragraphs": [
        {
          "sentences": [
            "Always yours, J.",
            "MELFORD LONDON, June 10."
          ]
        },
        {
          "sentences": [
            "To Dr LEWIS."
          ]
        },
        {
          "sentences": [
            "DEAR LEWIS,"
          ]
        },
        {
          "sentences": [
            "The deceitful calm was of short duration.",
            "I am plunged again in a sea of"
          ]
        }
      ],
      "sentence_count": 6,
      "word_count": 27
    },
    {
      "number": "75",
      "title": "communicated to",
      "type": "story",
      "paragraphs": [
        {
          "sentences": [
            "Your unfortunate friend, MATT.",
            "BRAMBLE LONDON, June 12."
          ]
        },
        {
          "sentences": [
            "To Sir WATKIN PHILLIPS, of Jesus college, Oxon."
          ]
        },
        {
          "sentences": [
            "DEAR WAT,"
          ]
        }
      ],
      "sentence_count": 4,
      "word_count": 18
    },
    {
      "number": "76",
      "title": "the prisoner, and even ventured to dispute with his worship on certain",
      "type": "story",
      "paragraphs": [
        {
          "sentences": [
            "points of law."
          ]
        },
        {
          "sentences": [
            "My uncle, provoked at the unconnected and dubious answers of Clinker, who seemed in danger of falling a sacrifice to his own simplicity, exclaimed, ‘In the name of God, if you are innocent, say so.’ ‘No (cried"
          ]
        }
      ],
      "sentence_count": 2,
      "word_count": 40
    },
    {
      "number": "77",
      "title": "ragamuffins, formed a groupe that would not have disgraced the pencil of",
      "type": "story",
      "paragraphs": [
        {
          "sentences": [
            "a Raphael.",
            "In one, it denoted admiration; in another, doubt; in a third, disdain; in a fourth, contempt; in a fifth, terror; in a sixth, derision; and in a seventh, indignation.--As for Mrs Winifred Jenkins, she was in tears, overwhelmed with sorrow; but whether for her own sins, or the misfortune of Clinker, I cannot pretend to say.",
            "The other females seemed to listen with a mixture of wonder and devotion.",
            "The gaoler’s"
          ]
        }
      ],
      "sentence_count": 4,
      "word_count": 73
    },
    {
      "number": "78",
      "title": "the field before you hear again from",
      "type": "story",
      "paragraphs": [
        {
          "sentences": [
            "Yours, J.",
            "MELFORD LONDON, June To Dr LEWIS."
          ]
        },
        {
          "sentences": [
            "Thank Heaven! dear Lewis, the clouds are dispersed, and I have now the"
          ]
        }
      ],
      "sentence_count": 3,
      "word_count": 21
    },
    {
      "number": "79",
      "title": "in case it should be necessary to communicate any thing to",
      "type": "story",
      "paragraphs": [
        {
          "sentences": [
            "Your assured friend, MATT.",
            "BRAMBLE LONDON, June 14."
          ]
        },
        {
          "sentences": [
            "To Mrs MARY JONES, at Brambleton-hall, &c."
          ]
        },
        {
          "sentences": [
            "DEAR MARY,"
          ]
        }
      ],
      "sentence_count": 4,
      "word_count": 17
    },
    {
      "number": "80",
      "title": "will always be remembered as one of them by her",
      "type": "story",
      "paragraphs": [
        {
          "sentences": [
            "Humble sarvant, WIN.",
            "JENKINS LONDON, June 14."
          ]
        },
        {
          "sentences": [
            "To Mrs GWYLLIM, house-keeper at Brambleton-hall.",
            "MRS GWYLLIM,"
          ]
        }
      ],
      "sentence_count": 4,
      "word_count": 15
    },
    {
      "number": "81",
      "title": "the prayers of",
      "type": "story",
      "paragraphs": [
        {
          "sentences": [
            "Your assured friend, T.",
            "BRAMBLE LONDON, June 14."
          ]
        },
        {
          "sentences": [
            "To Sir WATKIN PHILLIPS, Bart. of Jesus college, Oxon."
          ]
        },
        {
          "sentences": [
            "DEAR PHILLIPS,"
          ]
        },
        {
          "sentences": [
            "The very day after I wrote my last, Clinker was set at liberty.",
            "As Martin had foretold, the accuser was himself committed for a robbery, upon unquestionable evidence.",
            "He had been for some time in the snares of"
          ]
        }
      ],
      "sentence_count": 7,
      "word_count": 57
    },
    {
      "number": "82",
      "title": "to regret that she had not a further opportunity to make some experiment",
      "type": "story",
      "paragraphs": [
        {
          "sentences": [
            "upon his affection.",
            "In the morning, my uncle was not a little surprised to receive, from the waiter a billet couched in these words--"
          ]
        },
        {
          "sentences": [
            "‘SIR,"
          ]
        }
      ],
      "sentence_count": 3,
      "word_count": 25
    },
    {
      "number": "83",
      "title": "be still",
      "type": "story",
      "paragraphs": [
        {
          "sentences": [
            "Yours affectionately, J.",
            "MELFORD HARRIGATE, June 23."
          ]
        },
        {
          "sentences": [
            "To Dr LEWIS."
          ]
        },
        {
          "sentences": [
            "DEAR DOCTOR,"
          ]
        }
      ],
      "sentence_count": 4,
      "word_count": 12
    },
    {
      "number": "84",
      "title": "too far, lest he should make some desperate effort to shake off her",
      "type": "story",
      "paragraphs": [
        {
          "sentences": [
            "yoke.--She, therefore, acquiesces in the proofs he daily gives of his attachment to the liberty of an English freeholder, by saying and doing, at his own table, whatever gratifies the brutality of his disposition, or contributes to the ease of his person.",
            "The house, though large, is neither elegant nor comfortable.--It looks like a great inn, crowded"
          ]
        }
      ],
      "sentence_count": 2,
      "word_count": 57
    },
    {
      "number": "85",
      "title": "told me those were the names of two noble persons abroad, to whom he had",
      "type": "story",
      "paragraphs": [
        {
          "sentences": [
            "been obliged for more than life.’"
          ]
        },
        {
          "sentences": [
            "The count, without speaking another syllable, rushed into the parlour, crying, ‘This is your god-daughter, my dear.’ Mrs Grieve, then seizing the countess by the hand, exclaimed with great agitation, ‘O madam!",
            "O sir!--I am--I am your poor Elinor.--This is my Seraphina Melvilia O child! these are the count and countess of Melville, the generous the glorious benefactors of thy once unhappy parents.’"
          ]
        }
      ],
      "sentence_count": 3,
      "word_count": 69
    },
    {
      "number": "86",
      "title": "of her low original, and well respected in the country; but she has not",
      "type": "story",
      "paragraphs": [
        {
          "sentences": [
            "interest enough in her own house to command a draught of table beer, far less to bestow any kind of education on her children, who run about, like tagged colts, in a state of nature.--Pox on him! he is such a dirty fellow, that I have not patience to prosecute the subject."
          ]
        }
      ],
      "sentence_count": 1,
      "word_count": 52
    },
    {
      "number": "87",
      "title": "be endured, by you, as well as by",
      "type": "story",
      "paragraphs": [
        {
          "sentences": [
            "Yours, MATT.",
            "BRAMBLE HARRIGATE, June 26."
          ]
        },
        {
          "sentences": [
            "To Sir WATKIN PHILLIPS, Bart. of Jesus college, Oxon."
          ]
        },
        {
          "sentences": [
            "DEAR KNIGHT,"
          ]
        },
        {
          "sentences": [
            "The manner of living at Harrigate was so agreeable to my disposition,"
          ]
        }
      ],
      "sentence_count": 5,
      "word_count": 29
    },
    {
      "number": "88",
      "title": "protestant divine; and let me tell you, most reverend doctor, gin I had",
      "type": "story",
      "paragraphs": [
        {
          "sentences": [
            "a mind to plea, the law would hauld my libel relevant.’ ‘Why, the damage is pretty equal on both sides (cried the parson); your head is broke, and my crutch is snapt in the middle.",
            "Now, if you will repair the one, I will be at the expence of curing the other.’"
          ]
        }
      ],
      "sentence_count": 2,
      "word_count": 52
    },
    {
      "number": "89",
      "title": "received a treatise, instead of a letter, from",
      "type": "story",
      "paragraphs": [
        {
          "sentences": [
            "Your affectionate friend and servant, J.",
            "MELFORD SCARBOROUGH, July 1."
          ]
        },
        {
          "sentences": [
            "To Dr LEWIS."
          ]
        }
      ],
      "sentence_count": 3,
      "word_count": 13
    },
    {
      "number": "90",
      "title": "with",
      "type": "story",
      "paragraphs": [
        {
          "sentences": [
            "Yours, MATT.",
            "BRAMBLE SCARBOROUGH, July 4."
          ]
        },
        {
          "sentences": [
            "To Sir WATKIN PHILLIPS, Bart of Jesus college, Oxon."
          ]
        },
        {
          "sentences": [
            "DEAR WAT,"
          ]
        }
      ],
      "sentence_count": 4,
      "word_count": 17
    },
    {
      "number": "91",
      "title": "should be indulged with some respite from those weary lucubrations of",
      "type": "story",
      "paragraphs": [
        {
          "sentences": [
            "Yours, J.",
            "MELFORD NEWCASTLE UPON TYNE, July 10."
          ]
        },
        {
          "sentences": [
            "To Sir WATKIN PHILLIPS Bart. of Jesus college, Oxon."
          ]
        },
        {
          "sentences": [
            "DEAR PHILLIPS,"
          ]
        }
      ],
      "sentence_count": 4,
      "word_count": 19
    },
    {
      "number": "92",
      "title": "least serve as exercises of patience, for which you are indebted to",
      "type": "story",
      "paragraphs": [
        {
          "sentences": [
            "Yours always, J.",
            "MELFORD MORPETH, July 13."
          ]
        },
        {
          "sentences": [
            "To Dr LEWIS."
          ]
        },
        {
          "sentences": [
            "DEAR DOCTOR,"
          ]
        }
      ],
      "sentence_count": 4,
      "word_count": 12
    },
    {
      "number": "93",
      "title": "to have kindled the flames of discord in the family of",
      "type": "story",
      "paragraphs": [
        {
          "sentences": [
            "Yours always, MATT.",
            "BRAMBLE TWEEDMOUTH, July 15."
          ]
        },
        {
          "sentences": [
            "To Sir WATKIN PHILLIPS, Bart. at Oxon."
          ]
        },
        {
          "sentences": [
            "DEAR WAT,"
          ]
        }
      ],
      "sentence_count": 4,
      "word_count": 16
    },
    {
      "number": "94",
      "title": "the better; but it requires good lungs to breathe it at this distance",
      "type": "story",
      "paragraphs": [
        {
          "sentences": [
            "above the surface of the earth.--While I do remain above it, whether higher or lower, provided I breathe at all,"
          ]
        },
        {
          "sentences": [
            "I shall ever be, Dear Phillips, yours, J.",
            "MELFORD July 18."
          ]
        },
        {
          "sentences": [
            "To Dr LEWIS."
          ]
        },
        {
          "sentences": [
            "DEAR LEWIS,"
          ]
        }
      ],
      "sentence_count": 5,
      "word_count": 36
    },
    {
      "number": "95",
      "title": "or flows my constitution may undergo, my heart will still declare that I",
      "type": "story",
      "paragraphs": [
        {
          "sentences": [
            "Dear Lewis, Your affectionate friend and servant, MATT.",
            "BRAMBLE EDR.",
            "July 18."
          ]
        },
        {
          "sentences": [
            "To Mrs MARY JONES, at Brambleton-hall."
          ]
        },
        {
          "sentences": [
            "DEAR MARY,"
          ]
        }
      ],
      "sentence_count": 5,
      "word_count": 20
    },
    {
      "number": "96",
      "title": "menchioned a syllabub of the matter--Remember me kindly to Saul and the",
      "type": "story",
      "paragraphs": [
        {
          "sentences": [
            "kitten--I hope they got the horn-buck, and will put it to a good yuse, which is the constant prayer of,"
          ]
        },
        {
          "sentences": [
            "Dear Molly, Your loving friend, WIN.",
            "JENKINS ADDINGBOROUGH, July 18."
          ]
        },
        {
          "sentences": [
            "To Sir WATKIN PHILLIPS, Bart. of Jesus college, Oxon."
          ]
        },
        {
          "sentences": [
            "DEAR PHILLIPS,"
          ]
        }
      ],
      "sentence_count": 5,
      "word_count": 41
    },
    {
      "number": "97",
      "title": "particular friend and bottle-companion of his, Mr R-- C--, a lawyer of",
      "type": "story",
      "paragraphs": [
        {
          "sentences": [
            "this city--I charged myself with the commission, and, taking the guinea, ‘You see (said I) I have pocketed your bounty.’ ‘Yes (replied Quin, laughing); and a headake into the bargain, if you drink fair.’ I made use of this introduction to Mr C--, who received me with open arms, and gave me the rendezvous, according to the cartel.",
            "He had provided a company of jolly fellows, among whom I found myself extremely happy;"
          ]
        }
      ],
      "sentence_count": 2,
      "word_count": 73
    },
    {
      "number": "98",
      "title": "course to the southward--In the mean time, commend me to all our friends",
      "type": "story",
      "paragraphs": [
        {
          "sentences": [
            "round Carfax, and believe me to be, ever yours,"
          ]
        },
        {
          "sentences": [
            "EDINBURGH, Aug. 8.",
            "J.",
            "MELFORD"
          ]
        },
        {
          "sentences": [
            "To Dr LEWIS."
          ]
        }
      ],
      "sentence_count": 5,
      "word_count": 17
    },
    {
      "number": "99",
      "title": "to lead a town life, Edinburgh would certainly be the headquarters of",
      "type": "story",
      "paragraphs": [
        {
          "sentences": [
            "Yours always, MATT.",
            "BRAMBLE EDIN., August 8."
          ]
        },
        {
          "sentences": [
            "To Sir WATKIN PHILLIPS, Bart. of Jesus college, Oxon."
          ]
        },
        {
          "sentences": [
            "DEAR KNIGHT,"
          ]
        }
      ],
      "sentence_count": 4,
      "word_count": 18
    },
    {
      "number": "100",
      "title": "continue to be specified in these detached journals of",
      "type": "story",
      "paragraphs": [
        {
          "sentences": [
            "Yours always, J.",
            "MELFORD ARGYLSHIRE, Sept. 3."
          ]
        },
        {
          "sentences": [
            "To Dr LEWIS."
          ]
        },
        {
          "sentences": [
            "DEAR DICK,"
          ]
        },
        {
          "sentences": [
            "About a fortnight is now elapsed, since we left the capital of Scotland, directing our course towards Stirling, where we lay.",
            "The castle of this"
          ]
        }
      ],
      "sentence_count": 6,
      "word_count": 37
    },
    {
      "number": "101",
      "title": "harrows, and horses, would not suffer half the damage which they now",
      "type": "story",
      "paragraphs": [
        {
          "sentences": [
            "sustain."
          ]
        },
        {
          "sentences": [
            "These north-western parts are by no means fertile in corn.",
            "The ground is naturally barren and moorish.",
            "The peasants are poorly lodged, meagre in their looks, mean in their apparel, and remarkably dirty.",
            "This last reproach they might easily wash off, by means of those lakes, rivers,"
          ]
        }
      ],
      "sentence_count": 5,
      "word_count": 48
    },
    {
      "number": "102",
      "title": "I am so far happy as to have seen Glasgow, which, to the best of my",
      "type": "story",
      "paragraphs": [
        {
          "sentences": [
            "recollection and judgment, is one of the prettiest towns in Europe; and, without all doubt, it is one of the most flourishing in Great Britain.",
            "In short, it is a perfect bee-hive in point of industry.",
            "It stands partly on a gentle declivity; but the greatest part of it is in a plain, watered by the river Clyde.",
            "The streets are straight, open, airy, and well paved; and the houses lofty and well built of hewn stone.",
            "At the"
          ]
        }
      ],
      "sentence_count": 5,
      "word_count": 79
    },
    {
      "number": "103",
      "title": "surgeon, to whom I was recommended from Edinburgh, introduced me to all",
      "type": "story",
      "paragraphs": [
        {
          "sentences": [
            "the principal merchants of the place.",
            "Here I became acquainted with Mr Cochran, who may be stiled one of the sages of this kingdom.",
            "He was first magistrate at the time of the last rebellion.",
            "I sat as member when he was examined in the house of commons, upon which occasion Mr P-- observed he had never heard such a sensible evidence given at that bar."
          ]
        }
      ],
      "sentence_count": 4,
      "word_count": 66
    },
    {
      "number": "104",
      "title": "toil, And hearts resolv’d, and hands prepar’d, The blessings they enjoy",
      "type": "story",
      "paragraphs": [
        {
          "sentences": [
            "to guard."
          ]
        },
        {
          "sentences": [
            "* The par is a small fish, not unlike the smelt, which it  rivals in delicacy and flavour."
          ]
        },
        {
          "sentences": [
            "To Dr LEWIS."
          ]
        },
        {
          "sentences": [
            "DEAR DOCTOR,"
          ]
        }
      ],
      "sentence_count": 4,
      "word_count": 25
    },
    {
      "number": "105",
      "title": "at once the admiral stood before him, under the shadow of a spreading",
      "type": "story",
      "paragraphs": [
        {
          "sentences": [
            "Though the fellow is far from being timorous in cases that are not supposed preternatural, he could not stand the sight of this apparition, but ran into the kitchen, with his hair standing on end, staring wildly, and deprived of utterance.",
            "Mrs Jenkins, seeing him in this condition, screamed aloud, ‘Lord have mercy upon us, he has seen something!’ Mrs Tabitha was alarmed, and the whole house in confusion.",
            "When he was"
          ]
        }
      ],
      "sentence_count": 3,
      "word_count": 72
    },
    {
      "number": "106",
      "title": "in the shape of an old man with a white beard, a black cap, and a plaid",
      "type": "story",
      "paragraphs": [
        {
          "sentences": [
            "night-gown.",
            "He was undeceived by the admiral in person, who, coming in at this juncture, appeared to be a creature of real flesh and blood."
          ]
        },
        {
          "sentences": [
            "Do you know how we fare in this Scottish paradise?",
            "We make free with our landlord’s mutton, which is excellent, his poultry-yard, his garden, his dairy, and his cellar, which are all well stored.",
            "We have delicious salmon, pike, trout, perch, par, &c. at the door, for the taking.",
            "The Frith of Clyde, on the other side of the hill, supplies us with mullet, red and grey, cod, mackarel, whiting, and a variety of sea-fish, including the finest fresh herrings I ever tasted.",
            "We have sweet, juicy"
          ]
        }
      ],
      "sentence_count": 7,
      "word_count": 112
    },
    {
      "number": "107",
      "title": "to strike sudden strokes, beat up the enemy’s quarters, harrass their",
      "type": "story",
      "paragraphs": [
        {
          "sentences": [
            "cavalry, and perform expeditions without the formality of magazines, baggage, forage, and artillery.",
            "The chieftainship of the Highlanders is a very dangerous influence operating at the extremity of the island, where the eyes and hands of government cannot be supposed to see and act with precision and vigour.",
            "In order to break the force of clanship,"
          ]
        }
      ],
      "sentence_count": 3,
      "word_count": 56
    },
    {
      "number": "108",
      "title": "expedition to the Northern extremity of Caithness, unencumbered by those",
      "type": "story",
      "paragraphs": [
        {
          "sentences": [
            "impediments which now clog the heels of,"
          ]
        },
        {
          "sentences": [
            "Yours, MATT.",
            "BRAMBLE CAMERON, Sept. 6."
          ]
        },
        {
          "sentences": [
            "To Miss LAETITIA WILLIS, at Gloucester."
          ]
        },
        {
          "sentences": [
            "MY DEAREST LETTY,"
          ]
        }
      ],
      "sentence_count": 5,
      "word_count": 22
    },
    {
      "number": "109",
      "title": "inexpressible pleasure of embracing my dear Willis--Pray remember me to",
      "type": "story",
      "paragraphs": [
        {
          "sentences": [
            "my worthy governess."
          ]
        },
        {
          "sentences": [
            "To Mrs MARY JONES, at Brambleton-hall."
          ]
        },
        {
          "sentences": [
            "DEAR MARY,"
          ]
        }
      ],
      "sentence_count": 3,
      "word_count": 11
    },
    {
      "number": "110",
      "title": "and godliness; but, for all that, she may have infections like other",
      "type": "story",
      "paragraphs": [
        {
          "sentences": [
            "people, and I believe, she wouldn’t be sorry to be called your ladyship, whenever sir George thinks proper to ax the question--But, for my part, whatever I may see or hear, not a praticle shall ever pass the lips of,"
          ]
        },
        {
          "sentences": [
            "Dear Molly, Your loving friend, WIN.",
            "JENKINS GRASCO, Sept. 7."
          ]
        },
        {
          "sentences": [
            "Remember me, as usual, to Sall.--We are now coming home, though not the nearest road.--I do suppose, I shall find the kitten a fine boar at my return."
          ]
        },
        {
          "sentences": [
            "To Sir WATKIN PHILLIPS, Bart. at Oxon."
          ]
        },
        {
          "sentences": [
            "DEAR KNIGHT,"
          ]
        }
      ],
      "sentence_count": 6,
      "word_count": 87
    },
    {
      "number": "111",
      "title": "saying, he took the instrument out of his hand, and began to thump the",
      "type": "story",
      "paragraphs": [
        {
          "sentences": [
            "pavement.--After a few strokes, ‘Have you never a son (said he) to ease you of this labour?’ ‘Yes, an please Your honour (replied the senior), I have three hopeful lads, but, at present, they are out of the way.’ ‘Honour not me (cried the stranger); but more becomes me to honour your grey hairs.",
            "Where are those sons you talk of?’ The ancient paviour said,"
          ]
        }
      ],
      "sentence_count": 2,
      "word_count": 65
    },
    {
      "number": "112",
      "title": "stay, you shall hear again from",
      "type": "story",
      "paragraphs": [
        {
          "sentences": [
            "Yours always, J.",
            "MELFORD CARLISLE, Sep. 12."
          ]
        },
        {
          "sentences": [
            "To Dr LEWIS."
          ]
        },
        {
          "sentences": [
            "DEAR DOCTOR,"
          ]
        }
      ],
      "sentence_count": 4,
      "word_count": 12
    },
    {
      "number": "113",
      "title": "sentiments of friendship with which I always have been, and ever shall",
      "type": "story",
      "paragraphs": [
        {
          "sentences": [
            "Yours, MATT.",
            "BRAMBLE MANCHESTER, Sept. 15."
          ]
        },
        {
          "sentences": [
            "To Mrs GWILLIM, house-keeper at Brambleton-hall."
          ]
        },
        {
          "sentences": [
            "MRS GWYLLIM,"
          ]
        }
      ],
      "sentence_count": 4,
      "word_count": 14
    },
    {
      "number": "114",
      "title": "your most inward parts, is the fervent prayer of",
      "type": "story",
      "paragraphs": [
        {
          "sentences": [
            "Your friend in the spirit, TAB.",
            "BRAMBLE Septr. 18."
          ]
        },
        {
          "sentences": [
            "To Dr LEWIS."
          ]
        },
        {
          "sentences": [
            "DEAR LEWIS,"
          ]
        },
        {
          "sentences": [
            "Lismahago is more paradoxical than ever.--The late gulp he had of his"
          ]
        }
      ],
      "sentence_count": 5,
      "word_count": 26
    },
    {
      "number": "115",
      "title": "courts of justice were subjected to the revision and supremacy of an",
      "type": "story",
      "paragraphs": [
        {
          "sentences": [
            "English tribunal.’"
          ]
        },
        {
          "sentences": [
            "‘Softly, captain (cried I), you cannot be said to have lost your own parliament, while you are represented in that of Great-Britain.’ ‘True (said he, with a sarcastic grin), in debates of national competition,"
          ]
        }
      ],
      "sentence_count": 2,
      "word_count": 36
    },
    {
      "number": "116",
      "title": "the sixteen peers and forty-five commoners of Scotland, must make a",
      "type": "story",
      "paragraphs": [
        {
          "sentences": [
            "formidable figure in the scale, against the whole English legislature.’ ‘Be that as it may (I observed) while I had the honour to sit in the lower house, the Scotch members had always the majority on their side.’ ‘I understand you, Sir (said he), they generally side with the majority; so much the worse for their constituents.",
            "But even this evil is not the worst they have sustained by the union.",
            "Their trade has been saddled with grievous impositions, and every article of living severely taxed,"
          ]
        }
      ],
      "sentence_count": 3,
      "word_count": 86
    },
    {
      "number": "117",
      "title": "mucilaginous; insomuch, that in all inflammatory distempers, recourse",
      "type": "story",
      "paragraphs": [
        {
          "sentences": [
            "was had to water-gruel, and flummery made of oatmeal."
          ]
        },
        {
          "sentences": [
            "‘At least (said I), give me leave to wish them such a degree of commerce as may enable them to follow their own inclinations.’--‘Heaven forbid! (cried this philosopher).",
            "Woe be to that nation, where the multitude is at liberty to follow their own inclinations!",
            "Commerce is undoubtedly"
          ]
        }
      ],
      "sentence_count": 4,
      "word_count": 56
    },
    {
      "number": "118",
      "title": "to that poor love-sick maiden, who has been so long a thorn in the side",
      "type": "story",
      "paragraphs": [
        {
          "sentences": [
            "Yours, MATT.",
            "BRAMBLE Sept. 20."
          ]
        }
      ],
      "sentence_count": 2,
      "word_count": 5
    },
    {
      "number": "119",
      "title": "or the accommodations, and had no occasion for the water, we stayed but",
      "type": "story",
      "paragraphs": [
        {
          "sentences": [
            "two nights in the place."
          ]
        },
        {
          "sentences": [
            "To Sir WATKIN PHILLIPS, Bart. of Jesus college, Oxon."
          ]
        },
        {
          "sentences": [
            "DEAR WAT,"
          ]
        },
        {
          "sentences": [
            "Adventures begin to thicken as we advance to the southward.",
            "Lismahago"
          ]
        }
      ],
      "sentence_count": 5,
      "word_count": 27
    },
    {
      "number": "120",
      "title": "single combat, in the name of Mr Bramble, and desired him to appoint",
      "type": "story",
      "paragraphs": [
        {
          "sentences": [
            "the time and place.",
            "Lord Oxmington was so confounded at this unexpected message, that he could not, for some time, make any articulate reply; but stood staring at the lieutenant with manifest marks of perturbation.",
            "At length, ringing a bell with great vehemence, he exclaimed, ‘What! a commoner send a challenge to a peer of the realm!--Privilege! privilege!--Here’s a person brings me a challenge from the Welshman that dined at my table--An impudent fellow.--My wine is not yet out of his head.’"
          ]
        },
        {
          "sentences": [
            "The whole house was immediately in commotion.--Macalpine made a"
          ]
        }
      ],
      "sentence_count": 4,
      "word_count": 91
    },
    {
      "number": "121",
      "title": "Bramble; he said, he had been dishonoured on his account, and he looked",
      "type": "story",
      "paragraphs": [
        {
          "sentences": [
            "for reparation at his hands.--My uncle’s back was up in a moment; and he desired him to explain his pretensions.--‘Either compel lord Oxmington to give me satisfaction (cried he), or give it me in your own person.’ ‘The latter part of the alternative is the most easy and expeditious (replied the ‘squire, starting up): if you are disposed for a walk, I’ll attend you this moment.’"
          ]
        }
      ],
      "sentence_count": 1,
      "word_count": 66
    },
    {
      "number": "122",
      "title": "there is no abberration nor eccentricity in that affection with which I",
      "type": "story",
      "paragraphs": [
        {
          "sentences": [
            "am, dear Wat,"
          ]
        },
        {
          "sentences": [
            "Yours always, J.",
            "MELFORD Sept. 28."
          ]
        },
        {
          "sentences": [
            "To Dr LEWIS."
          ]
        },
        {
          "sentences": [
            "DEAR DICK,"
          ]
        }
      ],
      "sentence_count": 5,
      "word_count": 14
    },
    {
      "number": "123",
      "title": "means she stimulated his passions from one act of extravagance to",
      "type": "story",
      "paragraphs": [
        {
          "sentences": [
            "another, just as the circumstances of her vanity required."
          ]
        },
        {
          "sentences": [
            "All these three ladies have at this time the same number of horses, carriages, and servants in and out of livery; the same variety of dress; the same quantity of plate and china; the like ornaments in furniture:"
          ]
        }
      ],
      "sentence_count": 2,
      "word_count": 47
    },
    {
      "number": "124",
      "title": "the impertinence of",
      "type": "story",
      "paragraphs": [
        {
          "sentences": [
            "MATT.",
            "BRAMBLE Sept. 30."
          ]
        },
        {
          "sentences": [
            "To Sir WATKIN PHILLIPS, Bart. at Oxon."
          ]
        },
        {
          "sentences": [
            "DEAR KNIGHT,"
          ]
        }
      ],
      "sentence_count": 4,
      "word_count": 13
    },
    {
      "number": "125",
      "title": "oak, or ivy, or laurel, or parsely, or what you will, and acknowledge",
      "type": "story",
      "paragraphs": [
        {
          "sentences": [
            "this to be a coup de maitre in the way of waggery--ha, ha, ha!--Such a camisciata, scagliata, beffata!",
            "O, che roba!",
            "O, what a subject!--O, what caricatura!--O, for a Rosa, a Rembrandt, a Schalken!--Zooks, I’ll give a hundred guineas to have it painted!--what a fine descent from the cross, or ascent to the gallows! what lights and shadows!--what a groupe below! what expression above!--what an aspect!--did you mind the aspect? ha, ha, ha!--and the limbs, and the muscles every toe denoted terror! ha, ha, ha!--then the blanket!",
            "O, what costume!",
            "St Andrew!",
            "St Lazarus!",
            "St Barrabas!--ha, ha, ha!’ ‘After all then (cried Mr Bramble very gravely), this was no more than a false alarm.--We have been frightened out of our beds, and almost out of our senses, for the joke’s sake.’ ‘Ay, and such a joke! (cried our landlord) such a farce! such a denouement! such a catastrophe!’"
          ]
        },
        {
          "sentences": [
            "‘Have a little patience (replied our ‘squire); we are not yet come to"
          ]
        }
      ],
      "sentence_count": 8,
      "word_count": 161
    },
    {
      "number": "126",
      "title": "the catastrophe; and pray God it may not turn out a tragedy instead of a",
      "type": "story",
      "paragraphs": [
        {
          "sentences": [
            "farce.--The captain is one of those saturnine subjects, who have no idea of humour.--He never laughs in his own person; nor can he bear that other people should laugh at his expence.",
            "Besides, if the subject had been properly chosen, the joke was too severe in all conscience.’ ‘'Sdeath! (cried the knight) I could not have bated him an ace had"
          ]
        }
      ],
      "sentence_count": 2,
      "word_count": 61
    },
    {
      "number": "127",
      "title": "nightcap and loose morning-gown, rolling his head from side to side, and",
      "type": "story",
      "paragraphs": [
        {
          "sentences": [
            "groaning piteously all the way.--‘Jesu! neighbour Frogmore (exclaimed the baronet), what is the matter?--you look as if you was not a man for this world.--Set him down softly on the couch--poor gentlemen!--Lord have mercy upon us!--What makes him so pale, and yellow, and bloated?’ ‘Oh, Sir Thomas! (cried the justice) I doubt ‘tis all over with me-- Those mushrooms I eat at your table have done my business--ah! oh! hey!’ ‘Now the Lord forbid! (said the other)--what! man, have a good heart--How does thy stomach feel?--hall?’"
          ]
        }
      ],
      "sentence_count": 1,
      "word_count": 86
    },
    {
      "number": "128",
      "title": "but ran up to his middle in the pond before he gave the least sign of",
      "type": "story",
      "paragraphs": [
        {
          "sentences": [
            "recollection.",
            "Then the captain began to bawl, ‘Lord have mercy upon us!--pray, take care of the gentleman!--for God’s sake, mind your footing, my dear boy!--get warm blankets--comfort his poor carcase--warm the bed in the green room.’"
          ]
        }
      ],
      "sentence_count": 2,
      "word_count": 36
    },
    {
      "number": "129",
      "title": "persecution of",
      "type": "story",
      "paragraphs": [
        {
          "sentences": [
            "J.",
            "MELFORD Oct. 3."
          ]
        },
        {
          "sentences": [
            "To Mrs MARY JONES, at Brambleton-hall."
          ]
        },
        {
          "sentences": [
            "DEAR MARY JONES,"
          ]
        },
        {
          "sentences": [
            "Miss Liddy is so good as to unclose me in a kiver as fur as Gloster,"
          ]
        }
      ],
      "sentence_count": 5,
      "word_count": 29
    },
    {
      "number": "130",
      "title": "bone: for both our gentlemen have got a sad could by lying in damp shits",
      "type": "story",
      "paragraphs": [
        {
          "sentences": [
            "at sir Tummas Ballfart’s.",
            "No more at present, but my sarvice to Saul and the rest of our fellow-sarvents, being,"
          ]
        },
        {
          "sentences": [
            "Dear Mary Jones, Always yours, WIN.",
            "JENKINS Oct. 4."
          ]
        },
        {
          "sentences": [
            "To Miss LAETITIA WILLIS, at Gloucester."
          ]
        },
        {
          "sentences": [
            "MY DEAR LETTY,"
          ]
        }
      ],
      "sentence_count": 6,
      "word_count": 38
    },
    {
      "number": "131",
      "title": "will not be in my power to afford him any share of my affection, if he",
      "type": "story",
      "paragraphs": [
        {
          "sentences": [
            "persists in persecuting me at this rate.",
            "I am afraid he has formed some scheme of vengeance, which will make me completely wretched!",
            "I am afraid he suspects some collusion from this appearance of Wilson.--Good God! did he really appear? or was it only a phantom, a pale spectre to apprise me of his death."
          ]
        },
        {
          "sentences": [
            "O Letty, what shall I do?--where shall I turn for advice and consolation? shall I implore the protection of my uncle, who has been always kind and compassionate.--This must be my last resource.--I dread"
          ]
        }
      ],
      "sentence_count": 4,
      "word_count": 89
    },
    {
      "number": "132",
      "title": "quest of us, in order to disclose his real name and situation:--but",
      "type": "story",
      "paragraphs": [
        {
          "sentences": [
            "wherefore pass without staying to make the least enquiry?--My dear Willis, I am lost in conjecture.",
            "I have not closed an eye since I saw him.--All night long have I been tossed about from one imagination to another.",
            "The reflection finds no resting place.--I have prayed, and sighed, and wept plentifully.--If this terrible suspence continues much"
          ]
        }
      ],
      "sentence_count": 3,
      "word_count": 56
    },
    {
      "number": "133",
      "title": "in our way--that hope chears my poor heart I shall once more embrace my",
      "type": "story",
      "paragraphs": [
        {
          "sentences": [
            "best beloved Willis, and pour all my griefs into her friendly bosom. heaven! is it possible that such happiness is reserved for"
          ]
        },
        {
          "sentences": [
            "The dejected and forlorn LYDIA MELFORD Oct. 4."
          ]
        },
        {
          "sentences": [
            "To Sir WATKIN PHILLIPS, Bart. of Jesus college, Oxon."
          ]
        },
        {
          "sentences": [
            "DEAR WATKIN,"
          ]
        }
      ],
      "sentence_count": 4,
      "word_count": 41
    },
    {
      "number": "134",
      "title": "hear again from",
      "type": "story",
      "paragraphs": [
        {
          "sentences": [
            "your affectionate J.",
            "MELFORD Oct. 4."
          ]
        },
        {
          "sentences": [
            "To Sir WATKIN PHILLIPS, Bart. of Jesus college, Oxon."
          ]
        },
        {
          "sentences": [
            "DEAR PHILLIPS,"
          ]
        }
      ],
      "sentence_count": 4,
      "word_count": 17
    },
    {
      "number": "135",
      "title": "the fire, no sooner heard these words, than throwing down the scuttle",
      "type": "story",
      "paragraphs": [
        {
          "sentences": [
            "on the toes of Lismahago, he began to caper as if he was mad, crying--‘Matthew Loyd of Glamorgan!--O Providence!--Matthew Loyd of Glamorgan!’--Then, clasping my uncle’s knees, he went on in this manner--‘Your worship must forgive me--Matthew Loyd of Glamorgan!--O Lord, Sir!",
            "I can’t contain myself!--I shall lose my senses’--‘Nay, thou hast lost them already, I believe (said the ‘squire, peevishly), prithee, Clinker, be quiet--What is the matter?’--Humphry, fumbling in"
          ]
        }
      ],
      "sentence_count": 2,
      "word_count": 69
    },
    {
      "number": "136",
      "title": "ceremony and parade, just as they come from the recollection of",
      "type": "story",
      "paragraphs": [
        {
          "sentences": [
            "Yours, J.",
            "MELFORD"
          ]
        },
        {
          "sentences": [
            "To Dr LEWIS."
          ]
        },
        {
          "sentences": [
            "DEAR DICK,"
          ]
        }
      ],
      "sentence_count": 4,
      "word_count": 8
    },
    {
      "number": "137",
      "title": "the next post, when you shall certainly hear from",
      "type": "story",
      "paragraphs": [
        {
          "sentences": [
            "Yours always, MATT.",
            "BRAMBLE Oct. 8."
          ]
        },
        {
          "sentences": [
            "To Dr LEWIS."
          ]
        },
        {
          "sentences": [
            "Once more, dear doctor, I resume the pen for your amusement.",
            "It was"
          ]
        }
      ],
      "sentence_count": 5,
      "word_count": 22
    },
    {
      "number": "138",
      "title": "husband Jack Wilson; so that a friendship ensued among the women, which",
      "type": "story",
      "paragraphs": [
        {
          "sentences": [
            "hath continued to this day."
          ]
        },
        {
          "sentences": [
            "‘As for Jack, he hath been my constant companion, counsellor, and commissary.--I would not for a hundred pounds you should leave my house without seeing him.--Jack is an universal genius--his talents are really"
          ]
        }
      ],
      "sentence_count": 2,
      "word_count": 38
    },
    {
      "number": "139",
      "title": "stationary, I expect regular answers to the epistles of",
      "type": "story",
      "paragraphs": [
        {
          "sentences": [
            "Yours invariably, MATT.",
            "BRAMBLE Oct. 11."
          ]
        },
        {
          "sentences": [
            "To Sir WATKIN PHILLIPS, Bart. at Oxon."
          ]
        },
        {
          "sentences": [
            "DEAR WAT,"
          ]
        }
      ],
      "sentence_count": 4,
      "word_count": 15
    },
    {
      "number": "140",
      "title": "hope you will begin immediately to discharge the arrears due to",
      "type": "story",
      "paragraphs": [
        {
          "sentences": [
            "Your affectionate, J.",
            "MELFORD Oct. 14."
          ]
        },
        {
          "sentences": [
            "To Miss LAETITIA WILLIS, at Gloucester."
          ]
        },
        {
          "sentences": [
            "MY DEAR, DEAR LETTY,"
          ]
        }
      ],
      "sentence_count": 4,
      "word_count": 16
    },
    {
      "number": "141",
      "title": "will apprise",
      "type": "story",
      "paragraphs": [
        {
          "sentences": [
            "Your ever faithful, LYDIA MELFORD Oct. 14."
          ]
        },
        {
          "sentences": [
            "To Mrs JERMYN, at her house in Gloucester."
          ]
        },
        {
          "sentences": [
            "DEAR MADAM,"
          ]
        }
      ],
      "sentence_count": 3,
      "word_count": 17
    },
    {
      "number": "142",
      "title": "Dear Madam, Your most affectionate Humble servant, And penitent, LYDIA",
      "type": "story",
      "paragraphs": [
        {
          "sentences": [
            "MELFORD Oct. 14."
          ]
        },
        {
          "sentences": [
            "To Mrs MARY JONES, at Brambleton-hall."
          ]
        },
        {
          "sentences": [
            "O MARY JONES!",
            "MARY JONES!"
          ]
        }
      ],
      "sentence_count": 4,
      "word_count": 14
    },
    {
      "number": "143",
      "title": "kind and so courteous, that wan would think they are so many saints in",
      "type": "story",
      "paragraphs": [
        {
          "sentences": [
            "haven.",
            "Dear Molly, I recommend myself to your prayers, being, with my sarvice to Saul,"
          ]
        },
        {
          "sentences": [
            "your ever loving, and discounselled friend, WIN.",
            "JENKINS Oct. 14."
          ]
        },
        {
          "sentences": [
            "To Dr LEWIS."
          ]
        },
        {
          "sentences": [
            "DEAR DICK,"
          ]
        },
        {
          "sentences": [
            "You cannot imagine what pleasure I have in seeing your hand-writing, after such a long cessation on your side of our correspondence--Yet, Heaven knows, I have often seen your hand-writing with disgust--I mean,"
          ]
        }
      ],
      "sentence_count": 7,
      "word_count": 63
    },
    {
      "number": "144",
      "title": "affectionate, and alert, and I owe him such personal obligations, that",
      "type": "story",
      "paragraphs": [
        {
          "sentences": [
            "he merits more than all the indulgence that can possibly be shewn him, by"
          ]
        },
        {
          "sentences": [
            "Yours, MATT.",
            "BRAMBLE Oct. 26."
          ]
        },
        {
          "sentences": [
            "To Sir WATKIN PHILLIPS, Bart. at Oxon."
          ]
        },
        {
          "sentences": [
            "DEAR KNIGHT,"
          ]
        },
        {
          "sentences": [
            "The fatal knots are now tied.",
            "The comedy is near a close; and the"
          ]
        }
      ],
      "sentence_count": 7,
      "word_count": 42
    },
    {
      "number": "145",
      "title": "peregrination, which was last year concerted between you and",
      "type": "story",
      "paragraphs": [
        {
          "sentences": [
            "Your affectionate J.",
            "MELFORD Nov. 8."
          ]
        },
        {
          "sentences": [
            "To Dr LEWIS."
          ]
        },
        {
          "sentences": [
            "DEAR DOCTOR,"
          ]
        }
      ],
      "sentence_count": 4,
      "word_count": 11
    },
    {
      "number": "146",
      "title": "to comfort my friend Baynard, and provide for my son Loyd, who is also",
      "type": "story",
      "paragraphs": [
        {
          "sentences": [
            "fairly joined to Mrs Winifred Jenkins.",
            "You are an excellent genius at hints.--Dr Arbuthnot was but a type of Dr Lewis in that respect.",
            "What you observe of the vestry-clerk deserves consideration.--I make no doubt but Matthew Loyd is well enough qualified for the office; but, at present, you must find room for him in the house.--His incorruptible"
          ]
        }
      ],
      "sentence_count": 3,
      "word_count": 58
    },
    {
      "number": "147",
      "title": "reading the tedious epistles of",
      "type": "story",
      "paragraphs": [
        {
          "sentences": [
            "MATT.",
            "BRAMBLE Nov. 20."
          ]
        },
        {
          "sentences": [
            "To Mrs GWYLLIM, at Brambleton-hall."
          ]
        },
        {
          "sentences": [
            "GOOD MRS GWYLLIM,"
          ]
        }
      ],
      "sentence_count": 4,
      "word_count": 12
    },
    {
      "number": "148",
      "title": "extravagant wages--having a family of my own, I must be more occumenical",
      "type": "story",
      "paragraphs": [
        {
          "sentences": [
            "than ever.",
            "No more at present, but rests"
          ]
        },
        {
          "sentences": [
            "Your loving friend, TAB.",
            "LISMAHAGO Nov. 20."
          ]
        },
        {
          "sentences": [
            "To Mrs MARY JONES, at Brambleton-hall."
          ]
        },
        {
          "sentences": [
            "MRS JONES,"
          ]
        }
      ],
      "sentence_count": 6,
      "word_count": 23
    },
    {
      "number": "149",
      "title": "spouse had rapt her with a long marokin furze cloak from the land of the",
      "type": "story",
      "paragraphs": [
        {
          "sentences": [
            "selvidges, thof they say it is of immense bally.--The captain himself had a huge hassock of air, with three tails, and a tum-tawdry coat, boddered with sulfur.--Wan said he was a monkey-bank; and the ould bottler swore he was the born imich of Titidall.--For my part, I says nothing, being as how the captain has done the handsome thing by me.--Mr"
          ]
        }
      ],
      "sentence_count": 1,
      "word_count": 61
    },
    {
      "number": "150",
      "title": "good will and purtection of",
      "type": "story",
      "paragraphs": [
        {
          "sentences": [
            "Yours, W.",
            "LOYD Nov. 20."
          ]
        },
        {
          "sentences": [
            "FINIS."
          ]
        },
        {
          "sentences": [
            "*** END OF THE PROJECT GUTENBERG EBOOK ***"
          ]
        }
      ],
      "sentence_count": 4,
      "word_count": 14
    }
  ],
  "statistics": {
    "total_chapters": 150,
    "total_paragraphs": 382,
    "total_sentences": 586,
    "total_words": 5889,
    "average_sentences_per_chapter": 3.9066666666666667,
    "average_paragraphs_per_chapter": 2.546666666666667,
    "average_sentences_per_paragraph": 1.5340314136125655,
    "average_words_per_sentence": 10.049488054607508
  }
}