{
  "metadata": {
    "title": "Moby Word II",
    "author": "Grady Ward, grady@gradyward.com",
    "date": "May, 2002  [Etext #3201]",
    "source": "Project Gutenberg",
    "processing_note": "Parsed with modular book parser",
    "format_version": "2.0"
  },
  "chapters": [
    {
      "number": "1",
      "title": "are carefully chosen to provide users with the information they",
      "type": "story",
      "paragraphs": [
        {
          "sentences": [
            "need about what they can legally do with the texts."
          ]
        },
        {
          "sentences": [
            "**Welcome To The World of Free Plain Vanilla Electronic Texts**"
          ]
        },
        {
          "sentences": [
            "**Etexts Readable By Both Humans and By Computers, Since 1971**"
          ]
        },
        {
          "sentences": [
            "*These Etexts Prepared By Hundreds of Volunteers and Donations*"
          ]
        }
      ],
      "sentence_count": 4,
      "word_count": 39
    },
    {
      "number": "2",
      "title": "Information on contacting Project Gutenberg to get Etexts, and",
      "type": "story",
      "paragraphs": [
        {
          "sentences": [
            "further information is included below.",
            "We need your donations."
          ]
        },
        {
          "sentences": [
            "Presently, contributions are only being solicited from people in: Texas, Nevada, Idaho, Montana, Wyoming, Colorado, South Dakota, Iowa, Indiana, and Vermont.",
            "As the requirements for other states"
          ]
        }
      ],
      "sentence_count": 4,
      "word_count": 36
    },
    {
      "number": "3",
      "title": "Title:  Moby Word II",
      "type": "story",
      "paragraphs": [
        {
          "sentences": [
            "Author: Grady Ward, grady@gradyward. com"
          ]
        },
        {
          "sentences": [
            "Release Date: May, Etext #3201"
          ]
        },
        {
          "sentences": [
            "Edition: 1."
          ]
        }
      ],
      "sentence_count": 3,
      "word_count": 12
    },
    {
      "number": "4",
      "title": "The Project Gutenberg Etext of Moby Word II by Grady Ward",
      "type": "story",
      "paragraphs": [
        {
          "sentences": [
            "******This file should be named 3201. txt******"
          ]
        },
        {
          "sentences": [
            "This etext was prepared by Mike Pullen, globaltraveler5565@yahoo. com."
          ]
        },
        {
          "sentences": [
            "Project Gutenberg Etexts are usually created from multiple editions,"
          ]
        }
      ],
      "sentence_count": 3,
      "word_count": 25
    },
    {
      "number": "5",
      "title": "preliminary version may often be posted for suggestion, comment",
      "type": "story",
      "paragraphs": [
        {
          "sentences": [
            "and editing by those who wish to do so."
          ]
        },
        {
          "sentences": [
            "Most people start at our sites at: https://gutenberg. org/pg http://promo. net/pg"
          ]
        }
      ],
      "sentence_count": 2,
      "word_count": 20
    },
    {
      "number": "6",
      "title": "indexes our cataloguers produce obviously take a while after an",
      "type": "story",
      "paragraphs": [
        {
          "sentences": [
            "announcement goes out in the Project Gutenberg Newsletter. http://metalab. unc. edu/pub/docs/books/gutenberg/etext or ftp://metalab. unc. edu/pub/docs/books/gutenberg/etext Or /etext00, 99, 98, 97, 96, 95, 94, 93, 92, 92, or Just search by the first five letters of the filename you want, as it appears in our Newsletters."
          ]
        },
        {
          "sentences": [
            "Information about Project Gutenberg (one page)"
          ]
        },
        {
          "sentences": [
            "We produce about two million dollars for each hour we work."
          ]
        }
      ],
      "sentence_count": 3,
      "word_count": 62
    },
    {
      "number": "7",
      "title": "Something is needed to create a future for Project Gutenberg for",
      "type": "story",
      "paragraphs": [
        {
          "sentences": [
            "the next years."
          ]
        },
        {
          "sentences": [
            "We need your donations more than ever!"
          ]
        },
        {
          "sentences": [
            "Presently, contributions are only being solicited from people in: Texas, Nevada, Idaho, Montana, Wyoming, Colorado, South Dakota, Iowa, Indiana, and Vermont.",
            "As the requirements for other states"
          ]
        }
      ],
      "sentence_count": 4,
      "word_count": 37
    },
    {
      "number": "8",
      "title": "Foundation to build more stable support and ensure the",
      "type": "story",
      "paragraphs": [
        {
          "sentences": [
            "future of Project Gutenberg."
          ]
        },
        {
          "sentences": [
            "We need your donations more than ever!"
          ]
        },
        {
          "sentences": [
            "You can get up to date donation information at:"
          ]
        },
        {
          "sentences": [
            "https://www. gutenberg. org/donation. html"
          ]
        },
        {
          "sentences": [
            "You can always email directly to:"
          ]
        },
        {
          "sentences": [
            "Michael S.",
            "Hart <hart@pobox. com>"
          ]
        },
        {
          "sentences": [
            "hart@pobox. com forwards to hart@prairienet. org and archive. org if your mail bounces from archive. org, I will still see it, if it bounces from prairienet. org, better resend later on...."
          ]
        },
        {
          "sentences": [
            "We would prefer to send you this information by email."
          ]
        },
        {
          "sentences": [
            "Example command-line FTP session:"
          ]
        },
        {
          "sentences": [
            "ftp metalab. unc. edu"
          ]
        }
      ],
      "sentence_count": 11,
      "word_count": 84
    },
    {
      "number": "9",
      "title": "cd pub/docs/books/gutenberg",
      "type": "story",
      "paragraphs": [
        {
          "sentences": [
            "cd etext through etext or etext through etext01, etc. dir to see files get or mget to get files... set bin for zip files GET GUTINDEX.?? to get a year's listing of books, e. g., GUTINDEX.99 GET GUTINDEX.ALL to get a listing of ALL books"
          ]
        },
        {
          "sentences": [
            "**The Legal Small Print**"
          ]
        },
        {
          "sentences": [
            "(Three Pages)"
          ]
        },
        {
          "sentences": [
            "***START**THE SMALL PRINT!**FOR PUBLIC DOMAIN ETEXTS**START*** Why is this \"Small Print!\"",
            "statement here?",
            "You know: lawyers."
          ]
        }
      ],
      "sentence_count": 6,
      "word_count": 67
    },
    {
      "number": "10",
      "title": "someone other than us, and even if what's wrong is not our",
      "type": "story",
      "paragraphs": [
        {
          "sentences": [
            "fault.",
            "So, among other things, this \"Small Print!\"",
            "statement disclaims most of our liability to you.",
            "It also tells you how you can distribute copies of this etext if you want to."
          ]
        },
        {
          "sentences": [
            "*BEFORE!* YOU USE OR READ THIS ETEXT"
          ]
        }
      ],
      "sentence_count": 5,
      "word_count": 39
    },
    {
      "number": "11",
      "title": "and expense, including legal fees, that arise directly or",
      "type": "story",
      "paragraphs": [
        {
          "sentences": [
            "indirectly from any of the following that you do or cause: 1 distribution of this etext, 2 alteration, modification, or addition to the etext, or 3 any Defect."
          ]
        },
        {
          "sentences": [
            "DISTRIBUTION UNDER \"PROJECT GUTENBERG-tm\""
          ]
        }
      ],
      "sentence_count": 2,
      "word_count": 32
    },
    {
      "number": "12",
      "title": "etext in its original plain ASCII form (or in EBCDIC",
      "type": "story",
      "paragraphs": [
        {
          "sentences": [
            "or other equivalent proprietary form)."
          ]
        },
        {
          "sentences": [
            "2 Honor the etext refund and replacement provisions of this  \"Small Print!\"",
            "statement."
          ]
        },
        {
          "sentences": [
            "3 Pay a trademark license fee to the Project of 20% of the"
          ]
        }
      ],
      "sentence_count": 4,
      "word_count": 31
    },
    {
      "number": "13",
      "title": "legally required to prepare) your annual (or equivalent",
      "type": "story",
      "paragraphs": [
        {
          "sentences": [
            "periodic) tax return.",
            "Please contact us beforehand to  let us know your plans and to work out the details."
          ]
        },
        {
          "sentences": [
            "WHAT IF YOU *WANT* TO SEND MONEY EVEN IF YOU DON'T HAVE TO?",
            "The Project gratefully accepts contributions of money, time, public domain etexts, and royalty free copyright licenses."
          ]
        }
      ],
      "sentence_count": 4,
      "word_count": 48
    },
    {
      "number": "14",
      "title": "If you are interested in contributing scanning equipment or",
      "type": "story",
      "paragraphs": [
        {
          "sentences": [
            "software or other items, please contact Michael Hart at: hart@pobox. com"
          ]
        },
        {
          "sentences": [
            "*END THE SMALL PRINT!",
            "FOR PUBLIC DOMAIN ETEXTS*Ver.04.07.00*END*"
          ]
        }
      ],
      "sentence_count": 3,
      "word_count": 19
    },
    {
      "number": "15",
      "title": "MOBY (TM) WORDS II DOCUMENTATION NOTES",
      "type": "story",
      "paragraphs": [
        {
          "sentences": [
            "This documentation, the software and/or database are:"
          ]
        },
        {
          "sentences": [
            "Public Domain material by grant from the author, January, 2001."
          ]
        }
      ],
      "sentence_count": 2,
      "word_count": 17
    },
    {
      "number": "16",
      "title": "The vocabulary files included with this product are in ordinary ASCII",
      "type": "story",
      "paragraphs": [
        {
          "sentences": [
            "format with CRLF (ASCII 13/10) delimiters."
          ]
        }
      ],
      "sentence_count": 1,
      "word_count": 6
    },
    {
      "number": "17",
      "title": "The Constitution of the United States, including the Bill of Rights",
      "type": "story",
      "paragraphs": [
        {
          "sentences": [
            "and all amendments current to 1993."
          ]
        },
        {
          "sentences": [
            "NOTE: Accents have been stripped from words, e. g., 'etude' does not mark the accent on the initial 'e'."
          ]
        }
      ],
      "sentence_count": 2,
      "word_count": 25
    },
    {
      "number": "18",
      "title": "Quick Start",
      "type": "story",
      "paragraphs": [
        {
          "sentences": [
            "1) Insure you have at least 10Mb of free disk space to hold the contents of this file."
          ]
        },
        {
          "sentences": [
            "2) Create a destination directory to hold the files listed above."
          ]
        },
        {
          "sentences": [
            "3) On the PG Catalog page click on the selection \"More Files\".",
            "You will see a \"files. zip\" folder in the list.",
            "Copy this zipped folder to your computer.",
            "Open \"files. zip\" and copy the contents into the destination directory on your computer."
          ]
        },
        {
          "sentences": [
            "End of this Project Gutenberg etext of Moby Word II by Grady Ward."
          ]
        }
      ],
      "sentence_count": 7,
      "word_count": 85
    }
  ],
  "statistics": {
    "total_chapters": 18,
    "total_paragraphs": 54,
    "total_sentences": 70,
    "total_words": 684,
    "average_sentences_per_chapter": 3.888888888888889,
    "average_paragraphs_per_chapter": 3.0,
    "average_sentences_per_paragraph": 1.2962962962962963,
    "average_words_per_sentence": 9.771428571428572
  }
}